time,clock_1,delta_t_1,,,x,y,z,clock_2,delta_t,,change_x,change_y,change_z,,c_vx,c_vy,c_vz,,c_ax,c_ay,c_az,,next_vx,next_vy,next_vz,,next_x,next_y,next_z
,,,,,,,,,,,,,,,,,,,,,,,,,,,,,
,,,,,,,,,,,,,,,,,,,,,,,,,,,,,
,,,,,,,,,,,,,,,,,,,,,,,,,,,,,
35.679661,0,0,,,-0.341899722814559,-0.730808436870575,0.720408260822296,0,,,,,,,,,,,,,,,,,,,,,
35.688917,0.0092560000000006,0.0092560000000006,,,-0.330456227064132,-0.721485435962677,0.763209164142608,0.009256,0.009256,,0.011443495750427,0.00932300090789795,0.0428009033203119,,1.23633273016713,1.00723864605639,4.62412525068193,,-0.00277701425858704,-0.242671847759757,-9.79961342570547,,1.23630702612315,1.00499247543353,4.5334200288136,,-0.319012850272021,-0.712172830332422,0.80601006746292
35.698972,0.0193109999999948,0.0100549999999942,,,-0.315855264663696,-0.71047568321228,0.804462194442749,0.018512,0.008333333,,0.0114433767921114,0.00931260563025538,0.0428009033203119,,1.37320526998158,1.11751272033115,5.13610860388178,,-0.00277685231910892,-0.242660219055547,-9.79961392342452,,1.37318212954652,1.11549055191991,5.05444515778645,,-0.30441198429006,-0.701171503283401,0.847263097763061
35.709014,0.0293530000000004,0.0100420000000057,,,-0.299372822046279,-0.69770324230194,0.841626584529876,0.027768,0.008333333,,0.0146008659819604,0.0110013270490205,0.0412530303001411,,1.75210398791941,1.32015929868883,4.95036383403148,,-0.0035313045184981,-0.241855827103754,-9.80002271423622,,1.75207456038293,1.31814383354358,4.86869698134619,,-0.284772078679049,-0.686710313024022,0.882879614830017
35.719225,0.0395639999999986,0.0102109999999982,,,-0.283054262399673,-0.68474668264389,0.874458611011505,0.036101333,0.008333333,,0.0196399056110111,0.014461190259379,0.0356165170669561,,2.35678876759289,1.73534290053919,4.27398221899402,,-0.00454418346309171,-0.231375015394372,-9.80175922781534,,2.35675089939888,1.73341477548803,4.19230089536282,,-0.263414514572797,-0.67029352623857,0.910075128078461
35.719268,0.0396069999999966,4.29999999980169E-05,,,-0.268301486968994,-0.672638475894928,0.903080463409423,0.044434666,0.008333333,,0.0213575641062517,0.0164167867854527,0.027195513248444,,2.56290779526652,1.9700144930549,3.26346172035175,,-0.0043820035504838,-0.205173376920878,-9.80442020470972,,2.56287127857173,1.96830471498228,3.18175822191398,,-0.246944075015631,-0.656228813184493,0.930275976657867
35.729215,0.0495540000000005,0.00994700000000393,,,-0.256764948368072,-0.662302613258361,0.929291844367981,0.052767999,0.008333333,,0.0164704395571662,0.0140647130540766,0.020200848579406,,1.97645282591805,1.68776563399982,2.42410192649279,,-0.00261463354346989,-0.158747040987882,-9.80679317506258,,1.97643103730606,1.68644274204451,2.34237865330287,,-0.240294599596786,-0.648243412253878,0.949492692947387
35.739003,0.0593419999999938,0.00978799999999325,,,-0.248001396656036,-0.653977811336517,0.955621838569641,0.061101332,0.008333333,,0.00664947541884561,0.00798540093061517,0.0192167162895198,,0.797937082178957,0.958248150003747,2.30600604698262,,-0.000778630956095561,-0.117096598911969,-9.80774978788024,,0.797930593587916,0.957272345051846,2.22427480201953,,-0.241351948272985,-0.645996476259706,0.974838554859161
35.749241,0.0695799999999949,0.0102380000000011,,,-0.241778373718261,-0.64793449640274,0.983636915683746,0.069434665,0.008333333,,-0.00105734867619978,0.00224693599417225,0.0253458619117739,,-0.126881846219247,0.269632330085963,3.04150355107301,,0.000144332654420246,-0.136504312786386,-9.80654018053776,,-0.126880643447175,0.268494794191578,2.95978238617071,,-0.242835717382911,-0.645692300141271,1.00898277759552
35.759012,0.0793509999999955,0.00977100000000064,,,-0.236005872488021,-0.642771065235137,1.01490378379821,0.077767998,0.008333333,,-0.00148376910992537,0.00030417611843403,0.0341442227363592,,-0.178052300313136,0.036501135672129,4.09730689225538,,0.000271816129602476,-0.183193010141684,-9.80374501705798,,-0.178050035178814,0.034974527315346,4.01560902038114,,-0.237489632159887,-0.642473249984602,1.04904800653457
35.769007,0.089345999999999,0.00999500000000353,,,-0.228648483753204,-0.636985659599304,1.04897308349609,0.086101331,0.008333333,,0.00534608522302363,0.00321905015666957,0.0400652289390493,,0.641530252424045,0.386286034251789,4.80782766499902,,-0.00116191251722164,-0.217338944059048,-9.8012922654489,,0.641520569820123,0.384474876457077,4.72615023272071,,-0.223302438874362,-0.633774155933144,1.08903831243514
35.779206,0.0995449999999991,0.0101990000000001,,,-0.218814983963966,-0.629329562187194,1.08433353900909,0.094434664,0.008333333,,0.0141871932855253,0.00869909405145797,0.03999030590057,,1.70246326236156,1.04389132793061,4.79883690002187,,-0.00329380570423168,-0.232167535744525,-9.8007155492254,,1.70243581398179,1.04195659854346,4.7171642737119,,-0.204627905046685,-0.62063852950786,1.12432384490966
35.779221,0.0995599999999968,1.49999999976558E-05,,,-0.205986008048057,-0.619677186012268,1.11959671974182,0.102767997,0.008333333,,0.0186745338276766,0.0131356264252839,0.0352855324745207,,2.24094414895896,1.57627523408507,4.23426406631305,,-0.0042068124352315,-0.225270010702853,-9.80205122772181,,2.24090909219007,1.57439798407097,4.15258030934938,,-0.187311620290245,-0.60654938146173,1.15488225221634
35.789011,0.109349999999999,0.00979000000000241,,,-0.190306186676025,-0.607989788055419,1.15183734893798,0.11110133,0.008333333,,0.0173162847564402,0.01408914804613,0.0305584073066807,,2.077954253891,1.69069783316352,3.66700902348204,,-0.00351250872305731,-0.202844245891195,-9.80380140291424,,2.07792498298614,1.68900746451537,3.58531068172569,,-0.172990023881683,-0.593907683211708,1.18239575624466
35.798989,0.119327999999996,0.00997799999999671,,,-0.173436313867568,-0.595202684402465,1.17983818054199,0.119434663,0.008333333,,0.0143215964085615,0.0126416982500221,0.0275135040283201,,1.71859163777105,1.51700385068281,3.30162061546324,,-0.00257120035617445,-0.179533082962551,-9.80506041579869,,1.71857021110227,1.51550774171797,3.21991178193327,,-0.15911480673679,-0.582567219939547,1.20735168457031
35.809227,0.129565999999997,0.0102380000000011,,,-0.157457426190376,-0.582743048667907,1.20350885391235,0.127767996,0.008333333,,0.013875217144894,0.0113404632721608,0.0249559283256493,,1.66502612398832,1.36085564709352,2.99471151886638,,-0.00228493357545026,-0.164677320116112,-9.80589032460232,,1.66500708287595,1.35948333614744,2.91299576942999,,-0.143582288383447,-0.571408303357793,1.228464782238
35.819218,0.139556999999996,0.00999099999999942,,,-0.143727034330368,-0.571346879005432,1.22361850738525,0.136101329,0.008333333,,0.0155325183533424,0.0111589165817542,0.0211130976676892,,1.86390227695718,1.3390700433733,2.53357182146558,,-0.00237171527462163,-0.152693544000304,-9.8067761662923,,1.86388251266402,1.3377975972242,2.4518486900154,,-0.128194598328244,-0.56019326428242,1.24473160505294
35.82922,0.149558999999996,0.0100020000000001,,,-0.1332478672266,-0.561971366405487,1.24228930473327,0.144434662,0.008333333,,0.0153876900552033,0.0112150390753726,0.0162668228149399,,1.84652288048531,1.3458047428769,1.95201881587353,,-0.00206552301101151,-0.134232168935133,-9.80781646909187,,1.84650566779424,1.34468614151385,1.87028701523371,,-0.11786024889094,-0.550760988168941,1.25855612754821
35.82924,0.149578999999996,1.99999999992428E-05,,,-0.125339269638061,-0.55467265844345,1.26166570186615,0.152767995,0.008333333,,0.0103343494373038,0.00943227611347974,0.0138245224952707,,1.24012198208134,1.1318731788925,1.65894276579019,,-0.00108952784849038,-0.10542781189085,-9.80854251084289,,1.24011290268296,1.13099461382855,1.57720491480268,,-0.115004958031582,-0.54524404301759,1.27549022436142
35.838984,0.159323000000001,0.00974400000000486,,,-0.119528844952583,-0.549368858337402,1.28338003158569,0.161101328,0.008333333,,0.00285529085935778,0.00551694515135026,0.0169340968132108,,0.34263491682833,0.662033444643369,2.03209169886896,,-0.000276053053641212,-0.0966812374776077,-9.80836279056453,,0.342632616386308,0.661227767696616,1.95035534555038,,-0.1166735636784,-0.543855270173196,1.3003141283989
35.849428,0.169767,0.0104439999999997,,,-0.113102920353412,-0.544237256050109,1.30844509601593,0.169434661,0.008333333,,-0.0016686056468177,0.00138877284439476,0.0248239040374803,,-0.200232685627431,0.166652747993481,2.97886860365237,,0.000222865589684578,-0.133563967082108,-9.80668442089829,,-0.200230828414258,0.165539714978985,2.89714623674712,,-0.114771518261842,-0.542853120843089,1.33326900005341
35.858957,0.179295999999994,0.00952899999999346,,,-0.104672774672508,-0.537998437881469,1.33584594726562,0.177767994,0.008333333,,0.00190204541655814,0.00100214933010645,0.0329548716545094,,0.228245459116795,0.120257924423091,3.95458475672452,,-0.000336687898817026,-0.177013595935202,-9.80416653966485,,0.228242653384417,0.118782811182635,3.87288337216203,,-0.102770740946501,-0.537002434856285,1.36880081892013
35.869053,0.189391999999998,0.0100960000000043,,,-0.0939447730779647,-0.529796659946441,1.36388063430786,0.186101327,0.008333333,,0.0120007773153408,0.00585068598680394,0.0355318188667191,,1.44009333544463,0.702082346499766,4.26381843455903,,-0.00244157397909227,-0.20345131943838,-9.80277100456952,,1.44007298899562,0.700386918905597,4.18212867945521,,-0.0819440805394914,-0.523953038240997,1.39941245317458
35.879008,0.199346999999996,0.00995499999999794,,,-0.079706847667694,-0.519543170928955,1.3910459280014,0.19443466,0.008333333,,0.0208266604070096,0.0130493966152884,0.0306116342544498,,2.49919934880912,1.56592765647171,3.67339625746983,,-0.00438228945329834,-0.210417290514009,-9.80355878286197,,2.49916282973181,1.5641741791209,3.59169993754716,,-0.0588803394235005,-0.506501080469003,1.42165756225585
35.889244,0.209582999999995,0.010235999999999,,,-0.0464388169348239,-0.49480128288269,1.43332064151763,0.202767993,0.008333333,,0.0230637411159909,0.017451957771994,0.0222451090812708,,2.76764904462487,2.09423501640869,2.66941319652902,,-0.00451066910678506,-0.195574043434682,-9.80564943407033,,2.76761145571715,2.09260523277859,2.58769945451365,,-0.0233752324392756,-0.47735611587555,1.4555657505989
35.898991,0.219329999999999,0.00974700000000439,,,-0.0309807434678077,-0.482778966426849,1.44824087619781,0.211101326,0.008333333,,0.0355051069842249,0.0291449645934531,0.033908188343051,,4.26061300853151,3.4973958911102,4.06898276392543,,-0.0108655458134897,-0.306027688307412,-9.79962315550668,,4.26052246232002,3.49484566047632,3.98731924089608,,0.0045239862405511,-0.453644627793945,1.48214906454086
35.909248,0.229586999999995,0.0102569999999957,,,-0.0184828322380781,-0.472127258777618,1.46018195152282,0.219434659,0.008333333,,0.0278992186798267,0.0237114880816043,0.0265833139419602,,3.34790637549545,2.84537868360767,3.18999780063514,,-0.00676619919386027,-0.242522891823948,-9.80355293782853,,3.34784999050443,2.84335765958998,3.10830152942109,,0.00941615150429534,-0.448424191629084,1.48676526546478
35.919229,0.239567999999998,0.00998100000000335,,,-0.00884675420820713,-0.463782846927642,1.47145891189575,0.227767992,0.008333333,,0.00489216526374424,0.00522043616486151,0.00461620092391923,,0.587059855131703,0.626452364841476,0.553944133028073,,-0.000223265475251122,-0.0456373534446472,-9.80978932880687,,0.587057994586151,0.626072053577983,0.472195891891279,,-0.00395459669673572,-0.458563995392982,1.47607511281967
35.929223,0.249561999999997,0.00999399999999895,,,-0.00213296711444854,-0.457432329654693,1.48407649993896,0.236101325,0.008333333,,-0.0133707482010311,-0.0101398037638978,-0.0106901526451111,,-1.60448984830332,-1.21677650033879,-1.28281836872606,,0.00142592877452932,-0.10664539882812,-9.81114005559237,,-1.60447796556401,-1.21766521196015,-1.36457786591895,,-0.0155036658040678,-0.467575836383532,1.47338634729385
35.929241,0.249579999999995,1.79999999971869E-05,,,0.00448666140437126,-0.452359765768051,1.49982416629791,0.244434658,0.008333333,,-0.0115490691073321,-0.00901184099054997,-0.00268876552582031,,-1.38588834831538,-1.08142096212283,-0.322651876004513,,0.000921967849724519,-0.0798304903326968,-9.81021464547032,,-1.38588066525027,-1.08208621618233,-0.404403661446694,,-0.0070623756901908,-0.461374378650405,1.49713540077209
35.938968,0.259307,0.00972700000000515,,,0.0113522876054048,-0.447331875562667,1.51847696304321,0.252767991,0.008333333,,0.00844129011387697,0.00620145773312697,0.0237490534782407,,1.01295485418343,0.744174957742235,2.84988653138435,,-0.00117440226709097,-0.139125921659809,-9.80669589104629,,1.01294506749826,0.743015575108112,2.76816406889453,,0.0197935369414285,-0.441135248590322,1.54222601652145
35.949207,0.269545999999998,0.0102389999999986,,,0.0207494460046291,-0.440281987190246,1.5388376712799,0.261101324,0.008333333,,0.0268559126316193,0.0202391300600823,0.0450906157493611,,3.22270964470271,2.42869570435771,5.4108741063583,,-0.00809701102887233,-0.301498263713412,-9.7964052576418,,3.2226421696135,2.42618321892726,5.32923739914342,,0.0476050774900547,-0.420053325819039,1.58392828702926
35.958978,0.279316999999999,0.00977100000000064,,,0.0328600592911243,-0.431591928005218,1.55967700481414,0.269434657,0.008333333,,0.0278115405486261,0.0210819227712838,0.0417022705078103,,3.33738499933053,2.5298308337473,5.00427266110814,,-0.00810617791031118,-0.291468136982136,-9.79784511690716,,3.33731744785065,2.52740193270293,4.92262395506653,,0.0606713183752622,-0.410520125654548,1.60137927532195
35.989208,0.309546999999995,0.030229999999996,,,0.04792320728302,-0.420899003744125,1.57840943336486,0.27776799,0.008333333,,0.0130662408852075,0.00953320016449094,0.0174509882926892,,1.56794896894286,1.14398406549828,2.09411867888745,,-0.00166640092739437,-0.127534838981954,-9.80777439101802,,1.56793508226902,1.14292127521594,2.01238722889823,,0.0609893903070888,-0.4113702318723,1.59586042165755
35.989233,0.309571999999996,2.50000000008299E-05,,,0.0961695462465286,-0.384532451629638,1.60954356193542,0.286101323,0.008333333,,0.000318071931826661,-0.000850106217752444,-0.00551885366440108,,0.0381686333459446,-0.102012750210803,-0.662262466218628,,-9.53530498496307E-06,-0.0299784546539602,-9.81016544670432,,0.0381685538850729,-0.10226257065626,-0.744013841671109,,0.0964876178472683,-0.385383598765872,1.60402470827102
35.998981,0.319319999999998,0.00974800000000187,,,0.107896201312541,-0.374763667583465,1.61362338066101,0.294434656,0.008333333,,0.0354982275401795,0.0259866331064285,0.00816428661346969,,4.25978747521304,3.11839609750726,0.979714432804939,,-0.00851358931529758,-0.239831391740934,-9.80804194777892,,4.25971652863825,3.11639750265603,0.897980753176129,,0.143394133242004,-0.34878536195525,1.62178766727448
36.009228,0.329566999999997,0.0102469999999997,,,0.116700127720832,-0.367242842912673,1.61790180206298,0.302767989,0.008333333,,0.0469065153947357,0.0365982368106212,0.0177629590034609,,5.62878207251957,4.39178859294609,2.13155516567752,,-0.0156106145383066,-0.33280269077627,-9.8040884394475,,5.62865198407029,4.38901523730056,2.04985443195015,,0.163606101080384,-0.330656161750113,1.63566476106644
36.018961,0.339299999999994,0.00973299999999711,,,0.123124733567237,-0.361876904964447,1.62407457828521,0.311101322,0.008333333,,0.02021196783838,0.0181292002051377,0.0138770937919612,,2.42543623762305,2.17550411163669,1.6652513216454,,-0.00330339151920629,-0.163437402316342,-9.80773196383894,,2.42540870936149,2.17414213333853,1.58352022521599,,0.143336586704532,-0.343753379668658,1.63795167207717
36.01898,0.339318999999996,1.90000000017676E-05,,,0.129478886723518,-0.356900095939636,1.63349986076354,0.319434655,0.008333333,,-0.0202695143758523,-0.0130972179185454,0.0022869110107302,,-2.43234182239595,-1.5716662130921,0.274429332264797,,0.00263364070491454,-0.129931120010062,-9.80970285909101,,-2.43231987539095,-1.5727489723822,0.192681811708939,,0.109209463793516,-0.370001825355043,1.63578677177427
36.02912,0.349458999999996,0.0101399999999998,,,0.137200713157653,-0.351571053266525,1.64560329914093,0.327767988,0.008333333,,-0.0341271229110156,-0.0262484456863851,-0.00216490030290095,,-4.09525491313206,-3.14981360835875,-0.259788046739636,,0.00788543536743915,-0.231060654834571,-9.81050022328164,,-4.0951892011733,-3.15173911373869,-0.341542211996816,,0.103073864046455,-0.377827521891672,1.64343839883803
36.038966,0.359304999999999,0.00984600000000313,,,0.147425472736358,-0.344081699848175,1.65915322303771,0.336101321,0.008333333,,-0.00613559974706153,-0.00782569653662912,0.00765162706375877,,-0.736271999098264,-0.93908362195884,0.918195284378864,,0.000412640427931382,-0.0672534788679793,-9.80948540146096,,-0.736268560428168,-0.939644067593655,0.836449575969851,,0.141289887317088,-0.351909731574856,1.66680485010147
36.049278,0.369616999999998,0.010311999999999,,,0.160652205348014,-0.334837943315506,1.67219507694244,0.344434654,0.008333333,,0.0382160232706333,0.0259177903168164,0.0233664512634397,,4.58592297591291,3.11013496242337,2.80397426377174,,-0.0106006075924925,-0.277386464766951,-9.80351846268989,,4.58583463751984,3.10782340864277,2.72227827985049,,0.198867860542024,-0.30892978447239,1.69556152820588
36.059238,0.379576999999998,0.00995999999999953,,,0.176756396889686,-0.323650687932968,1.68238139152526,0.352767987,0.008333333,,0.0575779732249362,0.0429799471024657,0.0287566781044111,,6.90935706336663,5.15759385859963,3.45080151056139,,-0.023884407258634,-0.414818478679795,-9.79807119853684,,6.90915802664744,5.15413703808224,3.36915092050627,,0.234333540794992,-0.280685144248749,1.71113806962967
36.069017,0.389355999999999,0.00977900000000176,,,0.193880230188369,-0.311238348484039,1.68825936317443,0.36110132,0.008333333,,0.0354656802529679,0.0282446402236415,0.0155765414237912,,4.25588180059142,3.38935696241126,1.86918504562234,,-0.00911312359986733,-0.256956120251062,-9.80599751234881,,4.2558058578978,3.38721566149482,1.78746840295477,,0.229345594013459,-0.283002630347192,1.70383590459822
36.069034,0.389372999999999,1.69999999997117E-05,,,0.210259899497032,-0.299047440290451,1.68978631496429,0.369434653,0.008333333,,-0.00498794678153264,-0.00231748609844379,-0.00730216503144976,,-0.598553637726062,-0.278098342937188,-0.876259838824365,,0.000244408844753341,-0.0489998902270249,-9.81035780528496,,-0.598551600985771,-0.278506675339414,-0.958012817264953,,0.205271961201917,-0.301366627773836,1.68248414993284
36.078963,0.399301999999999,0.00992899999999963,,,0.223947986960411,-0.287938773632049,1.68788218498229,0.377767986,0.008333333,,-0.0240736328115426,-0.0183639974266436,-0.021351754665381,,-2.88883605293855,-2.20367977934442,-2.56221066233414,,0.00478068431169267,-0.198585911362762,-9.81424015765942,,-2.88879621390421,-2.20533466187292,-2.64399599370989,,0.199874520144838,-0.306309666402286,1.66653043031691
36.089293,0.409631999999995,0.0103299999999962,,,0.234776616096496,-0.279207646846771,1.6844892501831,0.386101319,0.008333333,,-0.00539744105707871,-0.00494303862844953,-0.0159537196159312,,-0.647692952757163,-0.593164659140529,-1.9144464304896,,0.000507796268015127,-0.0940809288411137,-9.81150094075994,,-0.647688721121765,-0.593948666849512,-1.99620893505876,,0.229379192671231,-0.284153952173877,1.66853553056717
36.098986,0.419324999999994,0.00969299999999862,,,0.242761552333831,-0.272481948137283,1.6818128824234,0.394434652,0.008333333,,0.0295046725263926,0.0221557142284082,0.00200510025025968,,3.54056084478954,2.65868581375642,0.240612039655644,,-0.00584371469994877,-0.198060652756659,-9.80960286853559,,3.54051214716899,2.6570353083828,0.158865352354381,,0.272266021953479,-0.250333111014323,1.68381798267366
36.109208,0.429546999999999,0.0102220000000059,,,0.249102279543876,-0.267364650964736,1.68176293373107,0.402767985,0.008333333,,0.0428868292822486,0.0338208411595542,0.0152824521064909,,5.14641971972662,4.05850110148655,1.83389432613468,,-0.0130374556724756,-0.303996725583814,-9.80535418460074,,5.14631107426703,4.05596779554135,1.75218304453146,,0.291988656136728,-0.233554365246198,1.69704538583756
36.119288,0.439626999999994,0.010079999999995,,,0.255090594291687,-0.263397574424743,1.68471980094909,0.411101318,0.008333333,,0.0197226341832484,0.0167787457681252,0.0132274031639013,,2.36671619665845,2.01344957271301,1.58728844315969,,-0.00307382777204659,-0.155852800568464,-9.80793847217266,,2.36669058142804,2.01215079942689,1.50555562582756,,0.274813121744813,-0.24662424021176,1.69794720411299
36.119303,0.439641999999999,1.50000000047612E-05,,,0.263745486736297,-0.256688505411148,1.69038474559783,0.419434651,0.008333333,,-0.0171755343919148,-0.0130698749655623,0.000901818275430344,,-2.06106420947235,-1.56838505860287,0.108218197380369,,0.0019886721248215,-0.115785167404028,-9.80989558282001,,-2.0610476372053,-1.56934993495931,0.0264690707935009,,0.246570021395492,-0.269762400694701,1.69128656387326
36.129197,0.449535999999995,0.00989399999999563,,,0.275296002626419,-0.249075576663017,1.6965616941452,0.427767984,0.008333333,,-0.0282431003493208,-0.0231381604829412,-0.0066606402397309,,-3.38917217748539,-2.77657936901611,-0.799276860738782,,0.00561835247953088,-0.198928319130728,-9.81132498996723,,-3.38912535788327,-2.77823710494256,-0.881037899051401,,0.247053097358766,-0.272220644378709,1.68990105390547
36.139211,0.45955,0.0100140000000053,,,0.289736062288284,-0.239741072058677,1.70212602615356,0.436101317,0.008333333,,0.000483075963273794,-0.00245824368400743,-0.0013855099677913,,0.0579691179116199,-0.294989253880462,-0.166261202785404,,-7.41276433591358E-06,-0.015344924814055,-9.81002126054629,,0.0579690561385863,-0.295117128248798,-0.248011376686616,,0.29021913799417,-0.242199848552531,1.70074051618577
36.14896,0.469298999999999,0.00974899999999934,,,0.306377917528152,-0.227715879678726,1.70360922813415,0.44443465,0.008333333,,0.0431660406354043,0.0300207958261776,0.0108394622802996,,5.17992508344552,3.60249564324113,1.30073552566538,,-0.0124210325335695,-0.287750100558955,-9.80688094363884,,5.17982157484522,3.60009772583239,1.21901152107068,,0.349543526877739,-0.197705075174685,1.71444869041445
36.159168,0.479506999999998,0.0102079999999987,,,0.323463708162307,-0.215327456593513,1.70071423053741,0.452767983,0.008333333,,0.0593243888835688,0.044494773377846,0.0137081742286809,,7.11892695078533,5.33937301891644,1.64498097324094,,-0.0239796482629002,-0.404212309880902,-9.80445898723078,,7.11872712039113,5.3360045831355,1.56327715161551,,0.382787264419267,-0.170846718364193,1.71442240476609
36.168995,0.489334,0.00982700000000136,,,0.339292407035827,-0.203369408845901,1.6938579082489,0.461101316,0.008333333,,0.0332437375415277,0.0268583568104924,-2.62856483586038E-05,,3.98924866455326,3.2230029461792,-0.00315427792920357,,-0.0076152931405217,-0.229074517599255,-9.81000602137222,,3.98918520377963,3.22109399194223,-0.0849043248373034,,0.372535880157475,-0.176519006011078,1.69383162260054
36.169011,0.489349999999995,1.5999999995131E-05,,,0.352373003959655,-0.19297282397747,1.68386256694793,0.469434649,0.008333333,,-0.0102513842617915,-0.00567228764688499,-0.0205907821655495,,-1.23016616062163,-0.68067454485318,-2.4708939587017,,0.00130173908891062,-0.126981786621969,-9.81261465430733,,-1.23015531279632,-0.681732726366036,-2.55266574421673,,0.342121664897134,-0.198649520713816,1.66327178478238
36.178927,0.499265999999999,0.00991600000000403,,,0.362204253673553,-0.185105115175247,1.6730887889862,0.477767982,0.008333333,,-0.0304142152603413,-0.0221305147027377,-0.0305598378181611,,-3.6497059772292,-2.655661870555,-3.66718068486656,,0.00790049052247767,-0.259763089556992,-9.81793831788801,,-3.64964013981081,-2.65782656288139,-3.74899683424298,,0.331790312735777,-0.207244649428984,1.64252895116804
36.189152,0.509490999999997,0.0102249999999984,,,0.369502812623977,-0.179058253765106,1.66384541988372,0.486101315,0.008333333,,-0.0103313521613564,-0.00859512871516832,-0.0207428336143414,,-1.23976230895327,-1.03141548707682,-2.48914013328657,,0.00136867166482399,-0.13247749601871,-9.81274795865756,,-1.23975090335652,-1.03251946616615,-2.57091302967113,,0.359171507985938,-0.187657982392963,1.64310258626938
36.198985,0.519323999999998,0.00983300000000043,,,0.375762969255447,-0.174388378858566,1.65741944313049,0.494434648,0.008333333,,0.0273811952501611,0.0195866670360213,0.000573635101339676,,3.28574356144907,2.35040013833856,0.0688362149142097,,-0.00494157717710891,-0.180473391755235,-9.80989647412763,,3.28570238164091,2.34889619346743,-0.0129129191002218,,0.403143992923081,-0.154807978259257,1.65799307823183
36.208988,0.529326999999995,0.0100029999999975,,,0.382788509130477,-0.169552087783813,1.65416812896728,0.502767981,0.008333333,,0.0439724849371425,0.0328500041337054,0.0148904919624511,,5.27669840352504,3.94200065372468,1.78685910696849,,-0.0134043144251996,-0.304834135354432,-9.80546086975762,,5.2765867009093,3.939460369365,1.70514693632233,,0.426760528640073,-0.13671266816785,1.66905862092973
36.219018,0.539356999999995,0.0100300000000004,,,0.392023861408233,-0.163289979100227,1.6528787612915,0.511101314,0.008333333,,0.0236165357169916,0.0180953100914076,0.0110655426979014,,2.83398439939837,2.17143729782641,1.32786517686277,,-0.00401819428531518,-0.170143256126434,-9.80811727253457,,2.83395091444733,2.1700194374154,1.24613086952769,,0.415640257604601,-0.145200576760296,1.6639443039894
36.219036,0.539375,1.80000000042924E-05,,,0.404202669858932,-0.155331596732139,1.65180134773254,0.519434647,0.008333333,,-0.0111202710354717,-0.00848790859244608,-0.00511431694032982,,-1.33443257763391,-1.01854907183549,-0.613718057388301,,0.000887811768790241,-0.0798372419123849,-9.81040831295878,,-1.3344251792028,-1.01921438215815,-0.695471456726155,,0.393082429650255,-0.163822277450819,1.64668703079221
36.229181,0.549519999999994,0.0101449999999943,,,0.419794261455535,-0.14495526254177,1.64908576011657,0.52776798,0.008333333,,-0.0225578279543455,-0.018621700690523,-0.0172572731971912,,-2.70693946279904,-2.23460417224693,-2.07087286649786,,0.00410637847298472,-0.182037848736836,-9.81314147688788,,-2.7069052429798,-2.23612115425905,-2.15264904220087,,0.397236576083764,-0.163583283990424,1.63182848691938
36.238953,0.559291999999999,0.00977200000000522,,,0.436774373054504,-0.133014887571334,1.6422494649887,0.536101313,0.008333333,,0.00415414643350859,0.000238993460394576,-0.0148585438728313,,0.498497591960934,0.0286792163945178,-1.78302533606076,,-0.000343571801346378,-0.0827057511923568,-9.81122888703263,,0.498494728862704,0.0279900018288168,-1.86478557351563,,0.440928507558437,-0.132778765838182,1.62739092111587
36.248981,0.569319999999998,0.0100279999999984,,,0.453792423009872,-0.120691657066345,1.6307760477066,0.544434646,0.008333333,,0.0436919314746732,0.0308045181522424,-0.00443756580351007,,5.24303198668206,3.69654232613078,-0.532507917721525,,-0.0125626391165329,-0.287527666837414,-9.81127592294192,,5.24292729802694,3.69414626233631,-0.614268547142282,,0.497483918281833,-0.0898971225128469,1.62633848190309
36.258969,0.579307999999998,0.00998799999999989,,,0.46876636147499,-0.109299942851066,1.61550235748291,0.552767979,0.008333333,,0.0565554107233958,0.0428816433253347,-0.00105243921277887,,6.78664955827348,5.14579740487206,-0.126292710585172,,-0.0215172986555345,-0.380464015384354,-9.81040041524884,,6.78647024745852,5.14262687153735,-0.208046044108779,,0.52532102507002,-0.0664315100807642,1.61444991827013
36.269074,0.589413,0.0101050000000029,,,0.480960756540298,-0.0998501777648925,1.59782004356384,0.561101312,0.008333333,,0.0278371067881872,0.0234656124320828,-0.0118885636329589,,3.34045294820058,2.81587360448488,-1.42662769302017,,-0.00571459948654328,-0.205287120174727,-9.81244056899122,,3.3404053265401,2.81416287855185,-1.50839802782429,,0.508797664904908,-0.0763916933572456,1.58593147993088
36.269102,0.589440999999994,2.79999999932556E-05,,,0.489933401346206,-0.092629924416542,1.57998847961425,0.569434645,0.008333333,,-0.0165233601651124,-0.00996018327648139,-0.0285184383392498,,-1.98280329912561,-1.19522204098665,-3.42221273759849,,0.00304943280702173,-0.184552825608701,-9.81526315837746,,-1.98277788718657,-1.19675998113854,-3.50400659397988,,0.473410147064169,-0.102596515776733,1.551470041275
36.278975,0.599314,0.00987300000000602,,,0.496674627065658,-0.0875360816717147,1.56422245502471,0.577767978000001,0.008333333,,-0.035387517840739,-0.0262048224194877,-0.034461438655881,,-4.24650231074877,-3.14457881612168,-4.13537280412064,,0.010605918051822,-0.299707882862927,-9.82032836481996,,-4.24641392810188,-3.1470763817123,-4.21720887055403,,0.461287477485933,-0.11375131061408,1.52976101636883
36.289234,0.609572999999998,0.0102589999999978,,,0.50284457206726,-0.0830351859331131,1.5515421628952,0.586101311000001,0.008333333,,-0.0121226695782357,-0.0111547948373471,-0.0217090249061713,,-1.4547204075771,-1.33857543402467,-2.60508309294388,,0.00177076567156607,-0.14607060434487,-9.81317105038778,,-1.4547056511971,-1.33979268901219,-2.68685951509272,,0.490721963973938,-0.0941950526660387,1.52983313798903
36.298943,0.619281999999998,0.00970900000000086,,,0.510644316673278,-0.0779376775026321,1.54188442230224,0.594434644000001,0.008333333,,0.0294344864880055,0.0195562579480417,7.2121620199761E-05,,3.53213851984619,2.34675104763505,0.00865459477015511,,-0.00557538549230737,-0.189416774591238,-9.80998633895533,,3.53209205830228,2.34517257457659,-0.0730952881178105,,0.540078609571525,-0.0583879965254042,1.54195654392244
36.308994,0.629332999999996,0.0100509999999971,,,0.520888984203338,-0.0711476132273674,1.53369390964508,0.602767977000001,0.008333333,,0.0493566455975865,0.0358070561406345,0.0121234059334112,,5.92279770862229,4.29684690875001,1.4548087702017,,-0.0164473695690547,-0.33323515749334,-9.80596005491442,,5.9226606472147,4.29406994921532,1.3730924396794,,0.570245058711749,-0.035352127750998,1.54581731557849
36.318974,0.639312999999994,0.00997999999999877,,,0.533866465091705,-0.0626779943704605,1.52507507801055,0.611101310000001,0.008333333,,0.0301664491402239,0.0230358687744062,0.00386077165605125,,3.61997404162583,2.76430436350092,0.463292617257855,,-0.00616887185209856,-0.204494464145367,-9.80921049356901,,3.61992263436246,2.76260024303454,0.38154919974785,,0.564032700035007,-0.0396492260977136,1.5289358496666
36.328985,0.649324,0.0100110000000058,,,0.550029575824737,-0.052216999232769,1.51415884494781,0.619434643000001,0.008333333,,-0.00621235867674219,-0.00429709834671554,-0.0168814659118899,,-0.745483071028386,-0.515651822231937,-2.02577599045783,,0.000615830579172048,-0.0991299136473869,-9.81167345825809,,-0.745477939107098,-0.516477904812622,-2.10753993267275,,0.543817238530999,-0.0565175395900997,1.49727737903592
36.329005,0.649343999999999,1.99999999992428E-05,,,0.567122459411621,-0.0393520444631576,1.49875950813293,0.627767976000001,0.008333333,,-0.0202154615040074,-0.0168683134923862,-0.0316584706306811,,-2.42585547751511,-2.02419770005425,-3.79901662764239,,0.00446162116019083,-0.220703403645095,-9.81698713222239,,-2.42581829734026,-2.02603689501106,-3.88082485047192,,0.546907152825003,-0.0562280212675573,1.46710103750225
36.338943,0.659281999999998,0.00993799999999823,,,0.584078192710876,-0.0277622528374195,1.47870230674743,0.636101309000001,0.008333333,,0.00308991429400329,0.000289518322542447,-0.0301763415336713,,0.370789730111984,0.0347422000947816,-3.621161128887,,-0.000502414864015422,-0.162598317044093,-9.81490662234792,,0.370785543321618,0.0333872141736136,-3.70295201413493,,0.58716808955992,-0.0274783802893228,1.44852596521376
36.349207,0.669545999999997,0.0102639999999994,,,0.598359584808349,-0.0169737841933965,1.45523679256439,0.644434642000001,0.008333333,,0.0402609367349176,0.0287496409782345,-0.0185750722884901,,4.83131260144262,3.44995705538642,-2.22900876377916,,-0.0114037232874027,-0.283245354237187,-9.81526130293034,,4.83121757041902,3.44759667752886,-2.31080260469849,,0.638620125580684,0.0117660218774916,1.4366617202759
36.358969,0.679307999999999,0.00976200000000205,,,0.609593570232391,-0.0084092216566205,1.43012106418609,0.652767975000001,0.008333333,,0.051452036020764,0.0392444021668143,-0.0118642449378588,,6.17424456946146,4.70932844839086,-1.42370944949143,,-0.0181434881443715,-0.352629158096864,-9.81418367870389,,6.17409337373297,4.70638987219093,-1.50549431020923,,0.661044976270978,0.0308229364431839,1.41825681924823
36.369118,0.689456999999997,0.0101489999999984,,,0.617595851421356,-0.00241032079793512,1.40525150299072,0.661101308000001,0.008333333,,0.022424850690294,0.0190569145656923,-0.0184049010276688,,2.69098219047457,2.28682983935627,-2.20858821166378,,-0.00417203822741463,-0.186045306835438,-9.81342414545897,,2.69094742349073,2.28527946186132,-2.29036674293813,,0.640020557249223,0.0166401338617866,1.38684660196305
36.369134,0.689473,1.60000000022364E-05,,,0.623822569847106,0.00297883618623018,1.38326895236969,0.669434641000001,0.008333333,,-0.021024419021755,-0.0141828025813972,-0.03141021728518,,-2.52293038352782,-1.70193637784512,-3.76922622499065,,0.00454939098999071,-0.216386050205869,-9.81679673285445,,-2.52289247193775,-1.70373959485804,-3.85103286115884,,0.602798308790303,-0.011211479799087,1.35185873508451
36.378963,0.699301999999996,0.00982899999999631,,,0.630579471588134,0.00710076279938221,1.36446595191955,0.677767974000001,0.008333333,,-0.0372222484589198,-0.0278516136608737,-0.0349878668785413,,-4.46666999373717,-3.34219377299259,-4.19854419336672,,0.0116083303300937,-0.311865371134289,-9.82091150408927,,-4.46657325765496,-3.34479265098142,-4.28038511929383,,0.593357626196207,-0.0207616795193451,1.32947808504101
36.38917,0.709508999999997,0.0102070000000012,,,0.638946712017059,0.0123536139726638,1.34831547737121,0.686101307000001,0.008333333,,-0.00944068259409603,-0.00955019972025807,-0.0223806500435013,,-1.1328819566068,-1.14602401227193,-2.68567811264728,,0.0013207295320575,-0.139897673594434,-9.81313100087462,,-1.13287095052781,-1.14718982617192,-2.76745420105019,,0.629506075281624,0.00279855669468341,1.32593482732771
36.398968,0.719307000000001,0.00979800000000353,,,0.650093019008636,0.0194072090089321,1.33306336402893,0.694434640000001,0.008333333,,0.0361484490854163,0.0235602362140285,-0.00354325771329989,,4.33781406376251,2.82722845877256,-0.425190942603624,,-0.00838841248890674,-0.2320545611538,-9.81082222911372,,4.3377441603279,2.8252946708403,-0.506947791242631,,0.686241176829753,0.0429593877735651,1.32952010631563
36.409228,0.729566999999996,0.0102599999999953,,,0.664101839065551,0.0285663977265357,1.31658089160919,0.702767973000001,0.008333333,,0.0567351015481294,0.0401608310788817,0.00358527898792138,,6.80821245810403,4.8192999222378,0.430233495759906,,-0.0211663712911246,-0.37307364776934,-9.80866242688971,,6.80803607168366,4.81619097529742,0.348494645472045,,0.720836205670292,0.0687142748603506,1.32016617059711
36.418983,0.739321999999994,0.0097549999999984,,,0.680699110031127,0.0391986817121505,1.2974601984024,0.711101306000001,0.008333333,,0.0345950288405386,0.0257548870867855,-0.00935393571851884,,4.15140362692077,3.09058657403772,-1.12247233112115,,-0.00818335339992048,-0.236547089977598,-9.81221264627405,,4.15133543231183,3.08861534836676,-1.20424076656937,,0.715293854727473,0.0649453553589688,1.28810626268388
36.429112,0.749451000000001,0.0101290000000063,,,0.697921276092529,0.0519416630268096,1.2735207080841,0.719434639000001,0.008333333,,-0.00554235094281852,-0.00376891950138181,-0.0320599079132302,,-0.665082139741508,-0.452270358256631,-3.84718910347519,,0.000972993901900677,-0.175556169564006,-9.81562831462982,,-0.665074031459316,-0.453733326277813,-3.92898600282523,,0.692378958934218,0.0481666478255834,1.24146080017087
36.42913,0.749468999999998,1.79999999971869E-05,,,0.714237451553344,0.0632649362087249,1.24515557289123,0.727767972000001,0.008333333,,-0.0229148957932549,-0.0167787075333855,-0.0466454625130113,,-2.74978760518209,-2.01344498454406,-5.59745572545958,,0.00670759502317914,-0.292717675161916,-9.82365395134366,,-2.74973170855913,-2.01588429840617,-5.67931950511289,,0.691322788662675,0.0464760648679872,1.19851011037822
36.438972,0.759310999999997,0.00984199999999902,,,0.727680325508117,0.0732431560754776,1.21365797519683,0.736101305000002,0.008333333,,-0.00105617027154281,-0.00169058295759617,-0.042950689792651,,-0.126740437654755,-0.202869963026339,-5.15408298128144,,0.000243408700626002,-0.230463503077435,-9.81989856642921,,-0.126738409248997,-0.20479049214183,-5.23591546606172,,0.726624163688265,0.0715445709135537,1.17070728540418
36.449188,0.769526999999997,0.0102159999999998,,,0.738024413585662,0.0810546055436134,1.18122398853302,0.744434638000002,0.008333333,,0.0353013750255892,0.0250685060455665,-0.0278028249740399,,4.23616517251731,3.00822084579681,-3.33633913033835,,-0.00973607158537673,-0.275798650288247,-9.81766798160204,,4.23608403859067,3.00592252380301,-3.41815302691248,,0.773325450553237,0.106113535247922,1.15342116355898
36.458977,0.779315999999994,0.00978899999999783,,,0.745566546916961,0.0865068659186363,1.1502091884613,0.752767971000002,0.008333333,,0.0467012868649724,0.0345689643343684,-0.0172861218451987,,5.60415464796288,4.14827588605525,-2.07433470439724,,-0.0151744329433415,-0.324925370626624,-9.81561669954725,,5.60402819436008,4.14556817474167,-2.15613150695492,,0.792267306891943,0.121064548122983,1.1329230666161
36.469213,0.789552000000001,0.0102360000000061,,,0.751890659332275,0.0909667313098907,1.12186694145202,0.761101304000002,0.008333333,,0.0189418563387058,0.0149510128750607,-0.020498096942879,,2.27302285156561,1.79412161677215,-2.45977173153634,,-0.00321461697824941,-0.169709711697087,-9.81347872612252,,2.27299606309187,1.79270736923124,-2.54155071764954,,0.770832404052345,0.1059118514871,1.10136884450914
36.478991,0.799329999999998,0.00977799999999718,,,0.758617877960205,0.0954172611236572,1.09690523147583,0.769434637000002,0.008333333,,-0.0214349028395981,-0.0151526966358828,-0.0315542221069602,,-2.57218844363932,-1.81832366903888,-3.7865068042955,,0.00471575498693152,-0.220003562517661,-9.81694204127601,,-2.57214914568266,-1.82015703198652,-3.86831465136715,,0.737183138862086,0.0802569254757981,1.06535100936887
36.479019,0.799357999999998,2.80000000003611E-05,,,0.767768502235412,0.100726932287216,1.07398533821105,0.777767970000002,0.008333333,,-0.0336492651902584,-0.0256549260113018,-0.0360178351402711,,-4.03791198434748,-3.07859124449987,-4.32214038971815,,0.0100221344543343,-0.297841108792941,-9.8207275919545,,-4.0378284665637,-3.08107325364053,-4.4039797830442,,0.734119585035906,0.0750616645715751,1.03796750307078
36.48926,0.809598999999999,0.0102410000000006,,,0.779651701450347,0.108530350029468,1.05141901969909,0.786101303000002,0.008333333,,-0.00306355382618084,-0.00519526090422307,-0.0273835062980909,,-0.36762647384676,-0.623431333444021,-3.28602088721175,,0.00046043232403441,-0.150293531681931,-9.81411556387138,,-0.36762263691088,-0.624683779491273,-3.36780518030597,,0.776588163611398,0.103329870600257,1.024035513401
36.499059,0.819398,0.009799000000001,,,0.794736802577972,0.117963455617427,1.0274863243103,0.794434636000002,0.008333333,,0.0424685785754929,0.0282682060286817,-0.0139319896697798,,5.09622963290834,3.3921848591292,-1.67183882724713,,-0.0120381858711824,-0.283461002816073,-9.81394917576302,,5.09612931469675,3.38982268420022,-1.75362173377384,,0.837204963160933,0.146221819250965,1.01355433464052
36.509223,0.829561999999996,0.0101639999999961,,,0.811524927616119,0.128911212086677,0.999557793140411,0.802767969000002,0.008333333,,0.0606167995495349,0.0428919486507082,-0.0104811787604788,,7.27401623690484,5.14703404396634,-1.25774150156712,,-0.0243657239305369,-0.401963219958944,-9.81421304836353,,7.27381318921354,5.14368435060067,-1.33952660703208,,0.872140881133641,0.171789203682253,0.989076614379932
36.519163,0.839501999999996,0.00994000000000028,,,0.828678429126739,0.141254618763923,0.966942369937896,0.811101302000002,0.008333333,,0.0349359179727075,0.0255673844312882,-0.024477720260588,,4.19231032441731,3.06808625447803,-2.93732654876363,,-0.00931282289937772,-0.266568718951455,-9.81652499453272,,4.19223271756292,3.06586484857563,-3.01913092044589,,0.863614023737566,0.166812747337655,0.942464649677308
36.519187,0.839525999999999,2.40000000033547E-05,,,0.84390765428543,0.152241095900535,0.930481851100921,0.819434635000002,0.008333333,,-0.00852685739607473,-0.00497645634459842,-0.0466119647026243,,-1.02322292845788,-0.597174785238802,-5.59343598805236,,0.00217761371722482,-0.255382917301662,-9.82190389952692,,-1.02320478167763,-0.599302976131188,-5.67528518394111,,0.835380872500937,0.14725577209424,0.883869886398297
36.529195,0.849533999999999,0.0100079999999991,,,0.856276035308837,0.161428779363632,0.891515672206878,0.827767968000002,0.008333333,,-0.0282331512366294,-0.019556975243415,-0.0585947632790113,,-3.38797828391466,-2.34683712308329,-7.03137187473623,,0.0102780964559542,-0.364043544760936,-9.83133104532852,,-3.38789263311429,-2.34987081916828,-7.11329963017019,,0.828043240950528,0.141859163720368,0.832920908927867
36.53921,0.859548999999994,0.0100149999999957,,,0.865599691867828,0.168341159820556,0.852426528930664,0.836101301000002,0.008333333,,-0.00733763155040845,-0.00539660837387124,-0.0509489774704299,,-0.880515821269647,-0.64759303076827,-6.11387754100669,,0.00203557822919433,-0.277416250081543,-9.82413407427534,,-0.880498858118416,-0.649904832759811,-6.19574532168428,,0.858262130997214,0.162934918938772,0.801477551460234
36.549072,0.869411,0.00986200000000537,,,0.872732043266296,0.173195496201515,0.814945518970489,0.844434634000002,0.008333333,,0.0302188900466854,0.0210757552184035,-0.0314433574676327,,3.62626695065293,2.52909072737205,-3.77320304704405,,-0.00784534875243124,-0.259617369807789,-9.81816324176367,,3.62620157274927,2.52692724937686,-3.85502107078602,,0.902950660905061,0.194262236928632,0.783502161502856
36.559258,0.879596999999997,0.0101859999999974,,,0.878856003284454,0.177258357405662,0.78044855594635,0.852767967000002,0.008333333,,0.0446885299078469,0.0313273179898605,-0.0179753899573778,,5.36262380344658,3.75927830915439,-2.15704688116721,,-0.0137632748791672,-0.307982269892268,-9.81553610140127,,5.36250910949384,3.75671179034128,-2.23884301207371,,0.92354405530085,0.208574981567562,0.762473165988972
36.569113,0.889451999999999,0.00985500000000172,,,0.886430263519287,0.181895643472671,0.749171376228332,0.861101300000002,0.008333333,,0.0205933943957898,0.0143127446389298,-0.021028995513884,,2.47120742634307,1.71752942537275,-2.52347956260527,,-0.0036126022168077,-0.175425291594779,-9.81368901766997,,2.4711773213258,1.71606754800127,-2.60526030114795,,0.90702353247751,0.19620229695613,0.728142380714448
36.56913,0.889468999999998,1.69999999997117E-05,,,0.896283030509948,0.187621295452117,0.719365894794464,0.869434633000002,0.008333333,,-0.0165205228233404,-0.0123726846114323,-0.0343307852745243,,-1.98246281809936,-1.48472221276077,-4.11969439773069,,0.00354710333518052,-0.214708903169162,-9.81737112525123,,-1.98243325890608,-1.48651145354894,-4.20150582050199,,0.879762630849908,0.175241155671032,0.68503510951994
36.57928,0.899618999999994,0.0101499999999959,,,0.909058690071106,0.195815980434417,0.689361155033111,0.877767966000002,0.008333333,,-0.0272609016276019,-0.0209611412850978,-0.0431072711945082,,-3.27130832616456,-2.51533705482522,-5.17287275025589,,0.00805742540610706,-0.295567091513542,-9.82274109077005,,-3.27124118095552,-2.51780011382264,-5.25472892273806,,0.881798068215197,0.174844576403907,0.646253883838603
36.589001,0.90934,0.00972100000000609,,,0.924703001976013,0.205799624323844,0.657239496707916,0.886101299000003,0.008333333,,0.00203543736528922,-0.000396579267125025,-0.0387812256813369,,0.244252493604806,-0.0475895139585835,-4.65374726791032,,-0.000423705457440984,-0.208164331001548,-9.81807286789938,,0.244248962726135,-0.0493242166475416,-4.73556453853679,,0.926738424629308,0.205395817129137,0.618458271026579
36.598988,0.919326999999996,0.00998699999999531,,,0.941824495792388,0.217095345258712,0.620833575725555,0.894434632000003,0.008333333,,0.0449403564141111,0.0305512407252303,-0.0277956128120237,,5.39284298540705,3.6661490336736,-3.33547367086179,,-0.0147027983035455,-0.327162476595955,-9.81909368152608,,5.39272046209276,3.66342267981102,-3.41729944826814,,0.98676434169271,0.247635226176636,0.593037962913531
36.60932,0.929658999999994,0.0103319999999982,,,0.958310484886169,0.228564143180847,0.580023467540741,0.902767965000003,0.008333333,,0.0600259170634017,0.0422394090474985,-0.0254203081130479,,7.20311033573261,5.06872928844899,-3.05043709558323,,-0.0249912045361822,-0.416340236997721,-9.82058349710434,,7.20290207570314,5.06525978661279,-3.1322752881189,,1.01833553419948,0.270789095971273,0.554603159427693
36.618994,0.939332999999998,0.00967400000000396,,,0.972762405872345,0.238838881254196,0.535533249378204,0.911101298000003,0.008333333,,0.0315711925067727,0.023153869794637,-0.0384348034858382,,3.78854325235445,2.77846448649502,-4.61217660278764,,-0.00928420041170495,-0.294071895121266,-9.8213025954997,,3.78846588402078,2.77601388746703,-4.69402078780971,,1.00433327601107,0.261982540219958,0.497098445892366
36.629253,0.949591999999996,0.0102589999999978,,,0.984122812747955,0.24710202217102,0.489557653665542,0.919434631000003,0.008333333,,-0.0140022581884089,-0.00880655575131478,-0.0575047135353273,,-1.68027104981992,-1.05678673242924,-6.90056590026191,,0.00449085772618043,-0.320723819383502,-9.8284431313576,,-1.68023362600703,-1.0594594308172,-6.98246958974707,,0.970120710492094,0.238284330176868,0.432052940130215
36.629272,0.949610999999997,1.90000000017676E-05,,,0.992522180080413,0.25323674082756,0.444075971841812,0.927767964000003,0.008333333,,-0.0342125655189802,-0.0236982100430906,-0.0650455057621511,,-4.10550802649795,-2.84378531892229,-7.80546100367658,,0.0141606653711977,-0.413902469937302,-9.83692249549328,,-4.10539002095791,-2.8472345060338,-7.88743535452671,,0.958310106251163,0.22952415917208,0.379030466079661
36.639215,0.959553999999997,0.00994299999999981,,,0.999481499195098,0.257705301046371,0.400507271289825,0.936101297000003,0.008333333,,-0.0118106042409302,-0.00876017100478793,-0.0530224740505538,,-1.41727256560252,-1.05122056262337,-6.36269714057435,,0.00348326999920608,-0.294927332094886,-9.8256377768128,,-1.41724353835369,-1.05367829029252,-6.44457745210591,,0.987671015901033,0.248934889510038,0.347484797239271
36.649106,0.969445,0.0098910000000032,,,1.00542867183685,0.261520028114318,0.359995663166046,0.944434630000003,0.008333333,,0.0293609096498698,0.0194107303379583,-0.0315456688403897,,3.52330929891675,2.32928773372651,-3.78548041226598,,-0.00743828539196864,-0.253339745963955,-9.81799177173029,,3.52324731320763,2.32717656926125,-3.86729700709107,,1.03478932321294,0.280921961934023,0.328449994325656
36.65918,0.979518999999996,0.0100739999999959,,,1.01404690742492,0.266555786132812,0.322125136852264,0.952767963000003,0.008333333,,0.0471183073119088,0.0319870724239851,-0.0190348029136149,,5.65419710359694,3.83844884441616,-2.28417644100085,,-0.0151650949616176,-0.321851437939595,-9.81612637868864,,5.65407072781065,3.83576674920728,-2.36597749088455,,1.06116468817107,0.29853168316054,0.303090333938649
36.669159,0.989497999999998,0.00997900000000129,,,1.02440559864044,0.272866696119308,0.285352677106857,0.961101296000003,0.008333333,,0.0263753649581318,0.0176097212265174,-0.0253596603870072,,3.16504392157757,2.11316663170876,-3.04315936816723,,-0.00574059717076327,-0.217649961616679,-9.81551952910984,,3.16499608326972,2.11135288210117,-3.12495536097131,,1.0507807642723,0.290468860056096,0.25999301671985
36.669179,0.989517999999997,1.99999999992428E-05,,,1.03827500343322,0.281343698501586,0.247888252139091,0.969434629000003,0.008333333,,-0.0103839238987766,-0.00806282310444428,-0.0430973172187992,,-1.24607091769603,-0.967538811234866,-5.17167827312304,,0.00250782465672742,-0.241510307777089,-9.82040844634588,,-1.24605001915806,-0.969551397052505,-5.25351500690245,,1.02789116661168,0.273272489623237,0.204790934920292
36.67896,0.999298999999994,0.00978099999999671,,,1.05420017242431,0.291505426168441,0.207281962037086,0.977767962000003,0.008333333,,-0.0228895976606156,-0.0171963704328591,-0.0552020817995581,,-2.74675182914395,-2.06356453448567,-6.62425008091698,,0.00762931361775049,-0.333309205817876,-9.8283993620441,,-2.74668825153301,-2.06634211108972,-6.70615340565788,,1.0313108396704,0.274297482500195,0.152079880237528
36.689209,1.009548,0.0102490000000017,,,1.07115578651428,0.302723795175552,0.162579476833343,0.986101295000003,0.008333333,,0.0034196730587146,0.00102499287695762,-0.0527110546827639,,0.410360783460183,0.12299915015488,-6.32532681494474,,-0.000968377877484083,-0.283178497142086,-9.82492663724784,,0.410352713644861,0.120639329439756,-6.40720120031349,,1.07457542594877,0.30373895546659,0.109868422150579
36.698981,1.01932,0.00977200000000522,,,1.0869995355606,0.313637197017669,0.113659225404262,0.994434628000003,0.008333333,,0.0432645862783694,0.0294414729663953,-0.0422114580869488,,5.19175056107435,3.53297689728651,-5.06537517304886,,-0.0155914789494362,-0.360375084812295,-9.82521195778813,,5.1916206320883,3.52997377169986,-5.14725193608869,,1.13026358046822,0.343066156961287,0.0714477673173132
36.709248,1.029587,0.0102669999999989,,,1.10031712055206,0.32299929857254,0.0616783574223518,1.002767961,0.008333333,,0.0556881545194503,0.0393272014946972,-0.0384206548332659,,6.68257880963719,4.71926436813424,-4.61047876441106,,-0.023358410878521,-0.419450259756095,-9.82611555364981,,6.68238415622099,4.71576894944276,-4.6923630574161,,1.15600446401564,0.362311935823272,0.0232577025890859
36.718977,1.039316,0.0097290000000001,,,1.11552047729492,0.333298087120056,0.0514396093785762,1.011101294,0.008333333,,0.0257408835474262,0.0192457788619848,-0.0481900647282273,,3.08890614924739,2.30949355581792,-5.7828079986996,,-0.00799194207932756,-0.310476602895267,-9.82496188759012,,3.08883954973273,2.30690625089728,-5.8646826778212,,1.14126108334438,0.352533085545303,0.00324954465034888
